fid,gauge_id,Station_ID,Station_na,ITM_X,ITM_Y,Rain_chann,Time_chann,n,distance,feature_x,feature_y,nearest_x,nearest_y
"1",il_17110,"21",ARIEL,"220169","668072","1","13","1",6142.75251881132,216142.874638743,672711.366668286,220169,668072
"1",il_17110,"20",QARNE SHOMERON,"209510","674730","1","14","2",6933.24646188079,216142.874638743,672711.366668286,209510,674730
"1",il_17110,"90",ITAMAR,"233091","674735","1","13","3",17068.5103369368,216142.874638743,672711.366668286,233091,674735
"1",il_17110,"24",HAR HARASHA,"214308","648890","1","13","4",23891.9290741629,216142.874638743,672711.366668286,214308,648890
"2",il_17117,"21",ARIEL,"220169","668072","1","13","1",6618.4893111042,219216.962768097,661522.341545525,220169,668072
"2",il_17117,"24",HAR HARASHA,"214308","648890","1","13","2",13552.6369530571,219216.962768097,661522.341545525,214308,648890
"2",il_17117,"20",QARNE SHOMERON,"209510","674730","1","14","3",16391.0758655824,219216.962768097,661522.341545525,209510,674730
"2",il_17117,"90",ITAMAR,"233091","674735","1","13","4",19158.894867576,219216.962768097,661522.341545525,233091,674735
"2",il_17117,"30",GILGAL,"242664","654459","1","20","5",24487.8408346466,219216.962768097,661522.341545525,242664,654459
"3",il_17144,"259",NAHSHON,"196411","637937","1","13","1",5767.10835057355,200359.657486051,642140.289519544,196411,637937
"3",il_17144,"24",HAR HARASHA,"214308","648890","1","13","2",15495.6397240131,200359.657486051,642140.289519544,214308,648890
"3",il_17144,"121",HAFEZ HAYYIM,"181532","633434","1","13","3",20743.1955978382,200359.657486051,642140.289519544,181532,633434
"3",il_17144,"25",NETIV HALAMED HE,"198459","621189","1","15","4",21037.3247208631,200359.657486051,642140.289519544,198459,621189
"3",il_17144,"22",JERUSALEM GIVAT RAM,"218751","630925","1","19","5",21541.2209141585,200359.657486051,642140.289519544,218751,630925
"4",il_17155,"24",HAR HARASHA,"214308","648890","1","13","1",5233.61500438787,209275.290097088,650326.160522811,214308,648890
"4",il_17155,"259",NAHSHON,"196411","637937","1","13","2",17860.0464210488,209275.290097088,650326.160522811,196411,637937
"4",il_17155,"21",ARIEL,"220169","668072","1","13","3",20822.7696092271,209275.290097088,650326.160522811,220169,668072
"4",il_17155,"22",JERUSALEM GIVAT RAM,"218751","630925","1","19","4",21591.5286118433,209275.290097088,650326.160522811,218751,630925
"4",il_17155,"23",JERUSALEM CENTRE,"221119","632034","1","14","5",21791.6635633135,209275.290097088,650326.160522811,221119,632034
"5",il_17162,"24",HAR HARASHA,"214308","648890","1","13","1",16767.0892573092,199711.925150106,657141.659296097,214308,648890
"5",il_17162,"54",BET DAGAN,"182565","657383","1","17","2",17148.6234852451,199711.925150106,657141.659296097,182565,657383
"5",il_17162,"259",NAHSHON,"196411","637937","1","13","3",19486.2783908517,199711.925150106,657141.659296097,196411,637937
"5",il_17162,"20",QARNE SHOMERON,"209510","674730","1","14","4",20133.3553954797,199711.925150106,657141.659296097,209510,674730
"5",il_17162,"178",TEL AVIV COAST,"177391","662947","1","13","5",23063.5140480593,199711.925150106,657141.659296097,177391,662947
"6",il_17164,"24",HAR HARASHA,"214308","648890","1","13","1",10727.5934024578,203948.828702441,646102.737860141,214308,648890
"6",il_17164,"259",NAHSHON,"196411","637937","1","13","2",11112.9715354572,203948.828702441,646102.737860141,196411,637937
"6",il_17164,"22",JERUSALEM GIVAT RAM,"218751","630925","1","19","3",21200.6604065396,203948.828702441,646102.737860141,218751,630925
"6",il_17164,"23",JERUSALEM CENTRE,"221119","632034","1","14","4",22197.8415023817,203948.828702441,646102.737860141,221119,632034
"6",il_17164,"54",BET DAGAN,"182565","657383","1","17","5",24176.6921624795,203948.828702441,646102.737860141,182565,657383
"7",il_17168,"259",NAHSHON,"196411","637937","1","13","1",12039.4069192943,200356.958915112,649311.389091665,196411,637937
"7",il_17168,"24",HAR HARASHA,"214308","648890","1","13","2",13957.4036310052,200356.958915112,649311.389091665,214308,648890
"7",il_17168,"54",BET DAGAN,"182565","657383","1","17","3",19537.2645140663,200356.958915112,649311.389091665,182565,657383
"7",il_17168,"121",HAFEZ HAYYIM,"181532","633434","1","13","4",24626.6230434423,200356.958915112,649311.389091665,181532,633434
"7",il_17168,"22",JERUSALEM GIVAT RAM,"218751","630925","1","19","5",26007.6921556421,200356.958915112,649311.389091665,218751,630925
"8",il_17123,"21",ARIEL,"220169","668072","1","13","1",6616.55904654263,219423.401585878,661497.584693583,220169,668072
"8",il_17123,"24",HAR HARASHA,"214308","648890","1","13","2",13605.8268837541,219423.401585878,661497.584693583,214308,648890
"8",il_17123,"20",QARNE SHOMERON,"209510","674730","1","14","3",16533.9755002959,219423.401585878,661497.584693583,209510,674730
"8",il_17123,"90",ITAMAR,"233091","674735","1","13","4",19027.1492978914,219423.401585878,661497.584693583,233091,674735
"8",il_17123,"30",GILGAL,"242664","654459","1","20","5",24283.0617743154,219423.401585878,661497.584693583,242664,654459
"9",il_17135,"20",QARNE SHOMERON,"209510","674730","1","14","1",7045.192397846,210672.2601446,667781.339173701,209510,674730
"9",il_17135,"21",ARIEL,"220169","668072","1","13","2",9501.18685202502,210672.2601446,667781.339173701,220169,668072
"9",il_17135,"24",HAR HARASHA,"214308","648890","1","13","3",19238.017051452,210672.2601446,667781.339173701,214308,648890
"9",il_17135,"90",ITAMAR,"233091","674735","1","13","4",23472.3943301769,210672.2601446,667781.339173701,233091,674735
"9",il_17135,"54",BET DAGAN,"182565","657383","1","17","5",29969.0428677248,210672.2601446,667781.339173701,182565,657383
"10",il_12130,"67",EN HASHOFET,"209561","726519","1","13","1",5982.80345761997,204687.117167393,723049.244483177,209561,726519
"10",il_12130,"45",ZIKHRON YAAQOV,"195561","719112","1","15","2",9939.21066651095,204687.117167393,723049.244483177,195561,719112
"10",il_12130,"44",EN KARMEL,"196530","731974","1","18","3",12090.8982924197,204687.117167393,723049.244483177,196530,731974
"10",il_12130,"186",NEWE YAAR,"217070","734942","1","14","4",17168.9668014418,204687.117167393,723049.244483177,217070,734942
"10",il_12130,"42",HAIFA UNIVERSITY,"202267","740835","1","14","5",17949.6536570518,204687.117167393,723049.244483177,202267,740835
"11",il_12140,"67",EN HASHOFET,"209561","726519","1","13","1",7881.04133260034,202513.231424778,722991.994103172,209561,726519
"11",il_12140,"45",ZIKHRON YAAQOV,"195561","719112","1","15","2",7961.65033295932,202513.231424778,722991.994103172,195561,719112
"11",il_12140,"44",EN KARMEL,"196530","731974","1","18","3",10792.3810261271,202513.231424778,722991.994103172,196530,731974
"11",il_12140,"42",HAIFA UNIVERSITY,"202267","740835","1","14","4",17844.7047985895,202513.231424778,722991.994103172,202267,740835
"11",il_12140,"43",HAIFA TECHNION,"201799","741279","20","16","5",18300.9483688354,202513.231424778,722991.994103172,201799,741279
"12",il_13105,"67",EN HASHOFET,"209561","726519","1","13","1",7951.42047961885,207369.127074084,718875.651210344,209561,726519
"12",il_13105,"45",ZIKHRON YAAQOV,"195561","719112","1","15","2",11810.4921890702,207369.127074084,718875.651210344,195561,719112
"12",il_13105,"44",EN KARMEL,"196530","731974","1","18","3",17001.5710081048,207369.127074084,718875.651210344,196530,731974
"12",il_13105,"186",NEWE YAAR,"217070","734942","1","14","4",18767.9114169813,207369.127074084,718875.651210344,217070,734942
"12",il_13105,"46",HADERA PORT,"189239","708926","17","20","5",20680.8381583032,207369.127074084,718875.651210344,189239,708926
"13",il_13125,"45",ZIKHRON YAAQOV,"195561","719112","1","15","1",10279.3879896468,205215.551874154,715582.772669413,195561,719112
"13",il_13125,"67",EN HASHOFET,"209561","726519","1","13","2",11767.9219763171,205215.551874154,715582.772669413,209561,726519
"13",il_13125,"46",HADERA PORT,"189239","708926","17","20","3",17307.8835262948,205215.551874154,715582.772669413,189239,708926
"13",il_13125,"44",EN KARMEL,"196530","731974","1","18","4",18550.2330109784,205215.551874154,715582.772669413,196530,731974
"13",il_13125,"186",NEWE YAAR,"217070","734942","1","14","5",22700.3881730181,205215.551874154,715582.772669413,217070,734942
"14",il_13135,"45",ZIKHRON YAAQOV,"195561","719112","1","15","1",11940.9454602059,206135.030948147,713564.383575693,195561,719112
"14",il_13135,"67",EN HASHOFET,"209561","726519","1","13","2",13399.9757703207,206135.030948147,713564.383575693,209561,726519
"14",il_13135,"46",HADERA PORT,"189239","708926","17","20","3",17521.1433415745,206135.030948147,713564.383575693,189239,708926
"14",il_13135,"44",EN KARMEL,"196530","731974","1","18","4",20764.6477553793,206135.030948147,713564.383575693,196530,731974
"14",il_13135,"186",NEWE YAAR,"217070","734942","1","14","5",24011.9976709517,206135.030948147,713564.383575693,217070,734942
"15",il_13146,"45",ZIKHRON YAAQOV,"195561","719112","1","15","1",10134.3329854496,204124.287616975,713692.146657986,195561,719112
"15",il_13146,"67",EN HASHOFET,"209561","726519","1","13","2",13931.4754492582,204124.287616975,713692.146657986,209561,726519
"15",il_13146,"46",HADERA PORT,"189239","708926","17","20","3",15629.7134140548,204124.287616975,713692.146657986,189239,708926
"15",il_13146,"44",EN KARMEL,"196530","731974","1","18","4",19796.4483185305,204124.287616975,713692.146657986,196530,731974
"15",il_13146,"186",NEWE YAAR,"217070","734942","1","14","5",24882.6794409512,204124.287616975,713692.146657986,217070,734942
"16",il_14115,"45",ZIKHRON YAAQOV,"195561","719112","1","15","1",14802.8171577256,207994.223840463,711078.42416243,195561,719112
"16",il_14115,"67",EN HASHOFET,"209561","726519","1","13","2",15519.8637149252,207994.223840463,711078.42416243,209561,726519
"16",il_14115,"46",HADERA PORT,"189239","708926","17","20","3",18878.3301984284,207994.223840463,711078.42416243,189239,708926
"16",il_14115,"44",EN KARMEL,"196530","731974","1","18","4",23833.8733286869,207994.223840463,711078.42416243,196530,731974
"16",il_14115,"186",NEWE YAAR,"217070","734942","1","14","5",25531.1567433495,207994.223840463,711078.42416243,217070,734942
"17",il_14120,"224",MAALE GILBOA,"239248","709677","1","13","1",25283.3596293962,215445.124076929,701152.249449969,239248,709677
"17",il_14120,"67",EN HASHOFET,"209561","726519","1","13","2",26040.2563278511,215445.124076929,701152.249449969,209561,726519
"17",il_14120,"45",ZIKHRON YAAQOV,"195561","719112","1","15","3",26794.2350166231,215445.124076929,701152.249449969,195561,719112
"17",il_14120,"20",QARNE SHOMERON,"209510","674730","1","14","4",27080.6381720396,215445.124076929,701152.249449969,209510,674730
"17",il_14120,"46",HADERA PORT,"189239","708926","17","20","5",27334.815469461,215445.124076929,701152.249449969,189239,708926
"18",il_15120,"20",QARNE SHOMERON,"209510","674730","1","14","1",12820.4930363298,208364.265954426,687499.194774589,209510,674730
"18",il_15120,"21",ARIEL,"220169","668072","1","13","2",22732.5238963156,208364.265954426,687499.194774589,220169,668072
"18",il_15120,"90",ITAMAR,"233091","674735","1","13","3",27826.8942716252,208364.265954426,687499.194774589,233091,674735
"18",il_15120,"46",HADERA PORT,"189239","708926","17","20","4",28720.7900308333,208364.265954426,687499.194774589,189239,708926
"19",il_30145,"241",KEFAR GILADI,"253526","794003","1","13","1",9209.05316062229,255062.015406911,803083.05048361,253526,794003
"19",il_30145,"202",KEFAR BLUM,"257563","786476","1","13","2",16794.3159938126,255062.015406911,803083.05048361,257563,786476
"19",il_30145,"10",MEROM GOLAN PICMAN,"273444","782114","1","14","3",27885.4520451927,255062.015406911,803083.05048361,273444,782114
"20",il_30155,"10",MEROM GOLAN PICMAN,"273444","782114","1","14","1",5580.4300682397,268268.3980415,784200.706523134,273444,782114
"20",il_30155,"202",KEFAR BLUM,"257563","786476","1","13","2",10944.5195249875,268268.3980415,784200.706523134,257563,786476
"20",il_30155,"241",KEFAR GILADI,"253526","794003","1","13","3",17703.7639337133,268268.3980415,784200.706523134,253526,794003
"20",il_30155,"227",GAMLA,"270307","757032","1","13","4",27245.0823468269,268268.3980415,784200.706523134,270307,757032
"20",il_30155,"62",ZEFAT HAR KENAAN,"247737","765259","1","13","5",27934.3256862782,268268.3980415,784200.706523134,247737,765259
"21",il_30165,"62",ZEFAT HAR KENAAN,"247737","765259","1","13","1",8782.30647035276,244413.496381687,773388.159282377,247737,765259
"21",il_30165,"123",AMMIAD,"250190","757947","1","13","2",16486.278962705,244413.496381687,773388.159282377,250190,757947
"21",il_30165,"269",HARASHIM,"231009","762342","1","13","3",17369.4605022233,244413.496381687,773388.159282377,231009,762342
"21",il_30165,"202",KEFAR BLUM,"257563","786476","1","13","4",18552.6553371183,244413.496381687,773388.159282377,257563,786476
"21",il_30165,"233",KEFAR NAHUM,"254506","754301","1","13","5",21591.162052018,244413.496381687,773388.159282377,254506,754301
"22",il_30170,"62",ZEFAT HAR KENAAN,"247737","765259","1","13","1",4131.9969563054,248433.083379083,769331.943257189,247737,765259
"22",il_30170,"123",AMMIAD,"250190","757947","1","13","2",11519.7087195062,248433.083379083,769331.943257189,250190,757947
"22",il_30170,"233",KEFAR NAHUM,"254506","754301","1","13","3",16211.4025144478,248433.083379083,769331.943257189,254506,754301
"22",il_30170,"269",HARASHIM,"231009","762342","1","13","4",18773.8645020134,248433.083379083,769331.943257189,231009,762342
"22",il_30170,"202",KEFAR BLUM,"257563","786476","1","13","5",19423.5439378508,248433.083379083,769331.943257189,257563,786476
"23",il_30175,"241",KEFAR GILADI,"253526","794003","1","13","1",12494.6879523337,265116.4334732,798669.806073699,253526,794003
"23",il_30175,"202",KEFAR BLUM,"257563","786476","1","13","2",14343.7534765846,265116.4334732,798669.806073699,257563,786476
"23",il_30175,"10",MEROM GOLAN PICMAN,"273444","782114","1","14","3",18532.2173257329,265116.4334732,798669.806073699,273444,782114
"24",il_31110,"62",ZEFAT HAR KENAAN,"247737","765259","1","13","1",5624.99130583481,244199.985128287,760885.208396826,247737,765259
"24",il_31110,"123",AMMIAD,"250190","757947","1","13","2",6671.8323380107,244199.985128287,760885.208396826,250190,757947
"24",il_31110,"233",KEFAR NAHUM,"254506","754301","1","13","3",12229.7073860665,244199.985128287,760885.208396826,254506,754301
"24",il_31110,"269",HARASHIM,"231009","762342","1","13","4",13271.1842135417,244199.985128287,760885.208396826,231009,762342
"24",il_31110,"205",ESHHAR,"228304","754243","1","13","5",17227.9213948049,244199.985128287,760885.208396826,228304,754243
"25",il_31115,"205",ESHHAR,"228304","754243","1","13","1",10313.9078046357,238571.241502065,755223.023540943,228304,754243
"25",il_31115,"269",HARASHIM,"231009","762342","1","13","2",10385.9194277716,238571.241502065,755223.023540943,231009,762342
"25",il_31115,"123",AMMIAD,"250190","757947","1","13","3",11933.8006009334,238571.241502065,755223.023540943,250190,757947
"25",il_31115,"62",ZEFAT HAR KENAAN,"247737","765259","1","13","4",13591.6133085526,238571.241502065,755223.023540943,247737,765259
"25",il_31115,"233",KEFAR NAHUM,"254506","754301","1","13","5",15961.4114600674,238571.241502065,755223.023540943,254506,754301
"26",il_31155,"227",GAMLA,"270307","757032","1","13","1",12421.2040167314,269332.656776107,769414.930368347,270307,757032
"26",il_31155,"10",MEROM GOLAN PICMAN,"273444","782114","1","14","2",13348.0153061881,269332.656776107,769414.930368347,273444,782114
"26",il_31155,"6",BET ZAYDA,"261432","754106","1","16","3",17227.4120667248,269332.656776107,769414.930368347,261432,754106
"26",il_31155,"202",KEFAR BLUM,"257563","786476","1","13","4",20726.9128816498,269332.656776107,769414.930368347,257563,786476
"26",il_31155,"233",KEFAR NAHUM,"254506","754301","1","13","5",21172.166689683,269332.656776107,769414.930368347,254506,754301
"27",il_31160,"227",GAMLA,"270307","757032","1","13","1",8980.14839712249,273015.93351086,765593.818992952,270307,757032
"27",il_31160,"6",BET ZAYDA,"261432","754106","1","16","2",16314.3342125528,273015.93351086,765593.818992952,261432,754106
"27",il_31160,"10",MEROM GOLAN PICMAN,"273444","782114","1","14","3",16525.7260483388,273015.93351086,765593.818992952,273444,782114
"27",il_31160,"2",AVNE ETAN,"271763","747058","1","19","4",18578.1169153962,273015.93351086,765593.818992952,271763,747058
"27",il_31160,"233",KEFAR NAHUM,"254506","754301","1","13","5",21682.8365161031,273015.93351086,765593.818992952,254506,754301
"28",il_31163,"227",GAMLA,"270307","757032","1","13","1",3742.79044474734,272783.232858362,759838.555031433,270307,757032
"28",il_31163,"6",BET ZAYDA,"261432","754106","1","16","2",12716.6298441512,272783.232858362,759838.555031433,261432,754106
"28",il_31163,"2",AVNE ETAN,"271763","747058","1","19","3",12821.2114090975,272783.232858362,759838.555031433,271763,747058
"28",il_31163,"233",KEFAR NAHUM,"254506","754301","1","13","4",19097.6898258643,272783.232858362,759838.555031433,254506,754301
"28",il_31163,"10",MEROM GOLAN PICMAN,"273444","782114","1","14","5",22285.2431389725,272783.232858362,759838.555031433,273444,782114
"29",il_31165,"2",AVNE ETAN,"271763","747058","1","19","1",3641.97902494631,270677.694897833,750534.510326946,271763,747058
"29",il_31165,"227",GAMLA,"270307","757032","1","13","2",6508.05552824552,270677.694897833,750534.510326946,270307,757032
"29",il_31165,"6",BET ZAYDA,"261432","754106","1","16","3",9911.5292779952,270677.694897833,750534.510326946,261432,754106
"29",il_31165,"233",KEFAR NAHUM,"254506","754301","1","13","4",16604.5222853846,270677.694897833,750534.510326946,254506,754301
"29",il_31165,"123",AMMIAD,"250190","757947","1","13","5",21787.3964800718,270677.694897833,750534.510326946,250190,757947
"30",il_31198,"202",KEFAR BLUM,"257563","786476","1","13","1",8437.22386328751,262450.315338157,779598.435365288,257563,786476
"30",il_31198,"10",MEROM GOLAN PICMAN,"273444","782114","1","14","2",11277.8175138395,262450.315338157,779598.435365288,273444,782114
"30",il_31198,"241",KEFAR GILADI,"253526","794003","1","13","3",16945.0549296975,262450.315338157,779598.435365288,253526,794003
"30",il_31198,"62",ZEFAT HAR KENAAN,"247737","765259","1","13","4",20545.0980731486,262450.315338157,779598.435365288,247737,765259
"30",il_31198,"227",GAMLA,"270307","757032","1","13","5",23895.0099177913,262450.315338157,779598.435365288,270307,757032
"31",il_34160,"227",GAMLA,"270307","757032","1","13","1",3440.26040614508,273546.305633558,758190.572688478,270307,757032
"31",il_34160,"2",AVNE ETAN,"271763","747058","1","19","2",11274.5001506461,273546.305633558,758190.572688478,271763,747058
"31",il_34160,"6",BET ZAYDA,"261432","754106","1","16","3",12784.3707326846,273546.305633558,758190.572688478,261432,754106
"31",il_34160,"233",KEFAR NAHUM,"254506","754301","1","13","4",19433.5280975501,273546.305633558,758190.572688478,254506,754301
"31",il_34160,"123",AMMIAD,"250190","757947","1","13","5",23357.5756555077,273546.305633558,758190.572688478,250190,757947
"32",il_18115,"22",JERUSALEM GIVAT RAM,"218751","630925","1","19","1",5334.43535016479,213428.553693254,631282.443445733,218751,630925
"32",il_18115,"23",JERUSALEM CENTRE,"221119","632034","1","14","2",7727.08235048645,213428.553693254,631282.443445733,221119,632034
"32",il_18115,"77",ROSH ZURIM,"211827","619174","1","13","3",12213.9009702426,213428.553693254,631282.443445733,211827,619174
"32",il_18115,"218",MAALE ADUMMIM,"228129","631150","1","13","4",14701.0429182364,213428.553693254,631282.443445733,228129,631150
"32",il_18115,"24",HAR HARASHA,"214308","648890","1","13","5",17629.5057678359,213428.553693254,631282.443445733,214308,648890
"33",il_18125,"259",NAHSHON,"196411","637937","1","13","1",4520.0957361554,197932.916652186,633680.823879606,196411,637937
"33",il_18125,"25",NETIV HALAMED HE,"198459","621189","1","15","2",12502.8967654681,197932.916652186,633680.823879606,198459,621189
"33",il_18125,"121",HAFEZ HAYYIM,"181532","633434","1","13","3",16402.7738221163,197932.916652186,633680.823879606,181532,633434
"33",il_18125,"77",ROSH ZURIM,"211827","619174","1","13","4",20087.1474119626,197932.916652186,633680.823879606,211827,619174
"33",il_18125,"22",JERUSALEM GIVAT RAM,"218751","630925","1","19","5",20999.6942723443,197932.916652186,633680.823879606,218751,630925
"34",il_18131,"22",JERUSALEM GIVAT RAM,"218751","630925","1","19","1",11682.2574130741,207100.469134293,631785.388756629,218751,630925
"34",il_18131,"259",NAHSHON,"196411","637937","1","13","2",12333.1695546024,207100.469134293,631785.388756629,196411,637937
"34",il_18131,"77",ROSH ZURIM,"211827","619174","1","13","3",13468.0072911812,207100.469134293,631785.388756629,211827,619174
"34",il_18131,"25",NETIV HALAMED HE,"198459","621189","1","15","4",13673.2747899159,207100.469134293,631785.388756629,198459,621189
"34",il_18131,"23",JERUSALEM CENTRE,"221119","632034","1","14","5",14020.735186969,207100.469134293,631785.388756629,221119,632034
"35",il_18150,"259",NAHSHON,"196411","637937","1","13","1",5291.43315050626,199305.237349079,633507.253398503,196411,637937
"35",il_18150,"25",NETIV HALAMED HE,"198459","621189","1","15","2",12347.2865213665,199305.237349079,633507.253398503,198459,621189
"35",il_18150,"121",HAFEZ HAYYIM,"181532","633434","1","13","3",17773.3883074416,199305.237349079,633507.253398503,181532,633434
"35",il_18150,"77",ROSH ZURIM,"211827","619174","1","13","4",19032.5167245874,199305.237349079,633507.253398503,211827,619174
"35",il_18150,"22",JERUSALEM GIVAT RAM,"218751","630925","1","19","5",19616.4654739334,199305.237349079,633507.253398503,218751,630925
"36",il_18178,"121",HAFEZ HAYYIM,"181532","633434","1","13","1",7916.52382886239,185784.000576248,640111.712230438,181532,633434
"36",il_18178,"259",NAHSHON,"196411","637937","1","13","2",10847.2342114313,185784.000576248,640111.712230438,196411,637937
"36",il_18178,"54",BET DAGAN,"182565","657383","1","17","3",17568.7035927219,185784.000576248,640111.712230438,182565,657383
"36",il_18178,"124",ASHDOD PORT,"165834","638161","1","13","4",20045.144080257,185784.000576248,640111.712230438,165834,638161
"36",il_18178,"25",NETIV HALAMED HE,"198459","621189","1","15","5",22775.527404389,185784.000576248,640111.712230438,198459,621189
"37",il_18180,"259",NAHSHON,"196411","637937","1","13","1",5291.43315050626,199305.237349079,633507.253398503,196411,637937
"37",il_18180,"25",NETIV HALAMED HE,"198459","621189","1","15","2",12347.2865213665,199305.237349079,633507.253398503,198459,621189
"37",il_18180,"121",HAFEZ HAYYIM,"181532","633434","1","13","3",17773.3883074416,199305.237349079,633507.253398503,181532,633434
"37",il_18180,"77",ROSH ZURIM,"211827","619174","1","13","4",19032.5167245874,199305.237349079,633507.253398503,211827,619174
"37",il_18180,"22",JERUSALEM GIVAT RAM,"218751","630925","1","19","5",19616.4654739334,199305.237349079,633507.253398503,218751,630925
"38",il_19180,"25",NETIV HALAMED HE,"198459","621189","1","15","1",10213.019504448,189171.037467823,616941.704460588,198459,621189
"38",il_19180,"121",HAFEZ HAYYIM,"181532","633434","1","13","2",18175.5524151018,189171.037467823,616941.704460588,181532,633434
"38",il_19180,"82",NEGBA,"169811","618514","1","17","3",19423.7783147039,189171.037467823,616941.704460588,169811,618514
"38",il_19180,"259",NAHSHON,"196411","637937","1","13","4",22208.5454781394,189171.037467823,616941.704460588,196411,637937
"38",il_19180,"77",ROSH ZURIM,"211827","619174","1","13","5",22765.6711219918,189171.037467823,616941.704460588,211827,619174
"39",il_23137,"28",SHANI,"204665","584255","1","18","1",9821.70189354186,198916.07823819,576291.600809818,204665,584255
"39",il_23137,"349",NEVATIM,"192539","568202","1","13","2",10300.9110334089,198916.07823819,576291.600809818,192539,568202
"39",il_23137,"411",BEER SHEVA BGU,"181365","574800","1","13","3",17614.3470017745,198916.07823819,576291.600809818,181365,574800
"39",il_23137,"29",ARAD,"217699","573268","1","18","4",19024.7289538485,198916.07823819,576291.600809818,217699,573268
"39",il_23137,"59",BEER SHEVA,"179346","582436","1","18","5",20511.986828613,198916.07823819,576291.600809818,179346,582436
"40",il_19130,"25",NETIV HALAMED HE,"198459","621189","1","15","1",10048.7564426977,193231.069038317,612607.26102095,198459,621189
"40",il_19130,"77",ROSH ZURIM,"211827","619174","1","13","2",19721.3262523247,193231.069038317,612607.26102095,211827,619174
"40",il_19130,"188",ZOVA,"206679","597557","1","13","3",20183.0920314237,193231.069038317,612607.26102095,206679,597557
"40",il_19130,"121",HAFEZ HAYYIM,"181532","633434","1","13","4",23887.6803575563,193231.069038317,612607.26102095,181532,633434
"40",il_19130,"82",NEGBA,"169811","618514","1","17","5",24153.4510810812,193231.069038317,612607.26102095,169811,618514
"41",il_19160,"25",NETIV HALAMED HE,"198459","621189","1","15","1",2636.3231521835,200106.59851074,619130.938069409,198459,621189
"41",il_19160,"77",ROSH ZURIM,"211827","619174","1","13","2",11720.480595919,200106.59851074,619130.938069409,211827,619174
"41",il_19160,"259",NAHSHON,"196411","637937","1","13","3",19165.735406965,200106.59851074,619130.938069409,196411,637937
"41",il_19160,"22",JERUSALEM GIVAT RAM,"218751","630925","1","19","4",22061.5866092021,200106.59851074,619130.938069409,218751,630925
"41",il_19160,"188",ZOVA,"206679","597557","1","13","5",22552.8549225756,200106.59851074,619130.938069409,206679,597557
"42",il_19178,"25",NETIV HALAMED HE,"198459","621189","1","15","1",4917.38028601996,193594.57384305,621908.713165722,198459,621189
"42",il_19178,"259",NAHSHON,"196411","637937","1","13","2",16273.8512694271,193594.57384305,621908.713165722,196411,637937
"42",il_19178,"121",HAFEZ HAYYIM,"181532","633434","1","13","3",16683.4626001738,193594.57384305,621908.713165722,181532,633434
"42",il_19178,"77",ROSH ZURIM,"211827","619174","1","13","4",18436.3776178355,193594.57384305,621908.713165722,211827,619174
"42",il_19178,"82",NEGBA,"169811","618514","1","17","5",24024.6219996344,193594.57384305,621908.713165722,169811,618514
"43",il_2105,"269",HARASHIM,"231009","762342","1","13","1",5674.58573541149,229910.699385797,767909.284708848,231009,762342
"43",il_2105,"73",ELON,"220629","774535","1","13","2",11403.9487287392,229910.699385797,767909.284708848,220629,774535
"43",il_2105,"205",ESHHAR,"228304","754243","1","13","3",13760.4077214168,229910.699385797,767909.284708848,228304,754243
"43",il_2105,"62",ZEFAT HAR KENAAN,"247737","765259","1","13","4",18022.2363380873,229910.699385797,767909.284708848,247737,765259
"43",il_2105,"106",ROSH HANIQRA,"210358","776203","1","14","5",21238.9681152839,229910.699385797,767909.284708848,210358,776203
"44",il_21105,"59",BEER SHEVA,"179346","582436","1","18","1",11363.1641171521,182889.778189158,593232.440844064,179346,582436
"44",il_21105,"411",BEER SHEVA BGU,"181365","574800","1","13","2",18495.4000766693,182889.778189158,593232.440844064,181365,574800
"44",il_21105,"79",DOROT,"165167","601017","1","13","3",19357.0717825391,182889.778189158,593232.440844064,165167,601017
"44",il_21105,"28",SHANI,"204665","584255","1","18","4",23553.2318168872,182889.778189158,593232.440844064,204665,584255
"44",il_21105,"188",ZOVA,"206679","597557","1","13","5",24179.100195388,182889.778189158,593232.440844064,206679,597557
"45",il_21120,"188",ZOVA,"206679","597557","1","13","1",16037.1951939878,190641.972191618,597630.271844936,206679,597557
"45",il_21120,"59",BEER SHEVA,"179346","582436","1","18","2",18933.1689014714,190641.972191618,597630.271844936,179346,582436
"45",il_21120,"28",SHANI,"204665","584255","1","18","3",19378.937170046,190641.972191618,597630.271844936,204665,584255
"45",il_21120,"411",BEER SHEVA BGU,"181365","574800","1","13","4",24643.1232914531,190641.972191618,597630.271844936,181365,574800
"45",il_21120,"25",NETIV HALAMED HE,"198459","621189","1","15","5",24821.7565059606,190641.972191618,597630.271844936,198459,621189
"46",il_21130,"59",BEER SHEVA,"179346","582436","1","18","1",17115.9755933794,184723.548038723,598685.26452503,179346,582436
"46",il_21130,"79",DOROT,"165167","601017","1","13","2",19695.0643948197,184723.548038723,598685.26452503,165167,601017
"46",il_21130,"188",ZOVA,"206679","597557","1","13","3",21984.4229322128,184723.548038723,598685.26452503,206679,597557
"46",il_21130,"411",BEER SHEVA BGU,"181365","574800","1","13","4",24120.2343761219,184723.548038723,598685.26452503,181365,574800
"46",il_21130,"28",SHANI,"204665","584255","1","18","5",24614.9150026213,184723.548038723,598685.26452503,204665,584255
"47",il_23134,"349",NEVATIM,"192539","568202","1","13","1",8237.74870565879,185813.180354657,563445.546086011,192539,568202
"47",il_23134,"112",ZOMET HANEGEV,"185533","552810","1","14","2",10639.2359490142,185813.180354657,563445.546086011,185533,552810
"47",il_23134,"411",BEER SHEVA BGU,"181365","574800","1","13","3",12194.6681854186,185813.180354657,563445.546086011,181365,574800
"47",il_23134,"59",BEER SHEVA,"179346","582436","1","18","4",20061.4496385233,185813.180354657,563445.546086011,179346,582436
"47",il_23134,"28",SHANI,"204665","584255","1","18","5",28078.8973454973,185813.180354657,563445.546086011,204665,584255
"48",il_23150,"349",NEVATIM,"192539","568202","1","13","1",7829.92103771528,185662.516231645,564457.452705545,192539,568202
"48",il_23150,"411",BEER SHEVA BGU,"181365","574800","1","13","2",11199.8629589516,185662.516231645,564457.452705545,181365,574800
"48",il_23150,"112",ZOMET HANEGEV,"185533","552810","1","14","3",11648.1727743953,185662.516231645,564457.452705545,185533,552810
"48",il_23150,"59",BEER SHEVA,"179346","582436","1","18","4",19055.8794109219,185662.516231645,564457.452705545,179346,582436
"48",il_23150,"28",SHANI,"204665","584255","1","18","5",27441.5245247557,185662.516231645,564457.452705545,204665,584255
"49",il_23160,"59",BEER SHEVA,"179346","582436","1","18","1",11605.5305912584,167906.818110812,584393.921860217,179346,582436
"49",il_23160,"411",BEER SHEVA BGU,"181365","574800","1","13","2",16527.7341587528,167906.818110812,584393.921860217,181365,574800
"49",il_23160,"79",DOROT,"165167","601017","1","13","3",16847.3538017599,167906.818110812,584393.921860217,165167,601017
"49",il_23160,"58",BESOR FARM,"141798","575994","1","19","4",27426.7947525997,167906.818110812,584393.921860217,141798,575994
"49",il_23160,"349",NEVATIM,"192539","568202","1","13","5",29477.4951132112,167906.818110812,584393.921860217,192539,568202
"50",il_25191,"271",AVDAT,"177878","523345","1","13","1",14942.5006405233,164121.043320408,529178.049657587,177878,523345
"50",il_25191,"338",EZUZ,"149351","522496","1","13","2",16211.2296669069,164121.043320408,529178.049657587,149351,522496
"50",il_25191,"98",SEDE BOQER,"180395","531208","1","13","3",16400.0720852649,164121.043320408,529178.049657587,180395,531208
"51",il_30118,"241",KEFAR GILADI,"253526","794003","1","13","1",16951.3269598092,269147.112046192,800585.426918596,253526,794003
"51",il_30118,"202",KEFAR BLUM,"257563","786476","1","13","2",18255.617761937,269147.112046192,800585.426918596,257563,786476
"51",il_30118,"10",MEROM GOLAN PICMAN,"273444","782114","1","14","3",18964.6212326171,269147.112046192,800585.426918596,273444,782114
"52",il_30120,"241",KEFAR GILADI,"253526","794003","1","13","1",29891.5298824294,273119.269883887,816577.484135177,253526,794003
"53",il_30122,"241",KEFAR GILADI,"253526","794003","1","13","1",29706.5232385337,273015.320200172,816422.721698913,253526,794003
"54",il_30124,"10",MEROM GOLAN PICMAN,"273444","782114","1","14","1",14717.5545675396,273394.556696128,796831.471515454,273444,782114
"54",il_30124,"202",KEFAR BLUM,"257563","786476","1","13","2",18917.5573933342,273394.556696128,796831.471515454,257563,786476
"54",il_30124,"241",KEFAR GILADI,"253526","794003","1","13","3",20068.8763088765,273394.556696128,796831.471515454,253526,794003
"55",il_30125,"10",MEROM GOLAN PICMAN,"273444","782114","1","14","1",15209.6936235889,269769.689945324,796873.208167973,273444,782114
"55",il_30125,"202",KEFAR BLUM,"257563","786476","1","13","2",16034.5008375516,269769.689945324,796873.208167973,257563,786476
"55",il_30125,"241",KEFAR GILADI,"253526","794003","1","13","3",16495.3192744891,269769.689945324,796873.208167973,253526,794003
"56",il_30128,"10",MEROM GOLAN PICMAN,"273444","782114","1","14","1",14746.1215401278,269085.268984874,796201.212797924,273444,782114
"56",il_30128,"202",KEFAR BLUM,"257563","786476","1","13","2",15077.8793775749,269085.268984874,796201.212797924,257563,786476
"56",il_30128,"241",KEFAR GILADI,"253526","794003","1","13","3",15713.7834670273,269085.268984874,796201.212797924,253526,794003
"57",il_30131,"241",KEFAR GILADI,"253526","794003","1","13","1",9847.53522873333,262545.956881606,797954.496923332,253526,794003
"57",il_30131,"202",KEFAR BLUM,"257563","786476","1","13","2",12513.4228292223,262545.956881606,797954.496923332,257563,786476
"57",il_30131,"10",MEROM GOLAN PICMAN,"273444","782114","1","14","3",19227.2901519812,262545.956881606,797954.496923332,273444,782114
"58",il_30136,"241",KEFAR GILADI,"253526","794003","1","13","1",23911.3982216783,270599.180055376,810744.01214719,253526,794003
"58",il_30136,"202",KEFAR BLUM,"257563","786476","1","13","2",27547.7477121519,270599.180055376,810744.01214719,257563,786476
"58",il_30136,"10",MEROM GOLAN PICMAN,"273444","782114","1","14","3",28771.0026948244,270599.180055376,810744.01214719,273444,782114
"59",il_23105,"98",SEDE BOQER,"180395","531208","1","13","1",3532.78329049033,178609.090396703,534256.128059386,180395,531208
"59",il_23105,"271",AVDAT,"177878","523345","1","13","2",10935.5936599931,178609.090396703,534256.128059386,177878,523345
"59",il_23105,"112",ZOMET HANEGEV,"185533","552810","1","14","3",19803.7039006172,178609.090396703,534256.128059386,185533,552810
"60",il_23103,"98",SEDE BOQER,"180395","531208","1","13","1",8599.41767320089,187720.851331949,535711.541559745,180395,531208
"60",il_23103,"271",AVDAT,"177878","523345","1","13","2",15805.4760286343,187720.851331949,535711.541559745,177878,523345
"60",il_23103,"112",ZOMET HANEGEV,"185533","552810","1","14","3",17237.8645569527,187720.851331949,535711.541559745,185533,552810
"61",il_59185,,,,,,,,,,,,
"62",il_57160,,,,,,,,,,,,
"63",il_38175,"224",MAALE GILBOA,"239248","709677","1","13","1",8637.06483270502,237741.360417424,718181.641444092,239248,709677
"63",il_38175,"206",EDEN FARM,"246207","708473","1","19","2",12881.1789923133,237741.360417424,718181.641444092,246207,708473
"63",il_38175,"13",TAVOR KADOORIE,"237793","733961","1","20","3",15779.4430536188,237741.360417424,718181.641444092,237793,733961
"63",il_38175,"11",YAVNEEL,"248676","732102","1","21","4",17701.4893476757,237741.360417424,718181.641444092,248676,732102
"63",il_38175,"8",ZEMAH,"255045","734451","7","12","5",23750.9572570114,237741.360417424,718181.641444092,255045,734451
"64",il_4110,"73",ELON,"220629","774535","1","13","1",6327.80439000097,220017.281988126,768236.832848196,220629,774535
"64",il_4110,"343",SHAVE ZIYYON,"208758","765003","1","13","2",11714.4827362628,220017.281988126,768236.832848196,208758,765003
"64",il_4110,"269",HARASHIM,"231009","762342","1","13","3",12472.6468386119,220017.281988126,768236.832848196,231009,762342
"64",il_4110,"106",ROSH HANIQRA,"210358","776203","1","14","4",12520.4451844417,220017.281988126,768236.832848196,210358,776203
"64",il_4110,"205",ESHHAR,"228304","754243","1","13","5",16263.3653710286,220017.281988126,768236.832848196,228304,754243
"65",il_48125,"218",MAALE ADUMMIM,"228129","631150","1","13","1",11054.7590830155,226142.418375613,620275.203825673,228129,631150
"65",il_48125,"23",JERUSALEM CENTRE,"221119","632034","1","14","2",12786.869032168,226142.418375613,620275.203825673,221119,632034
"65",il_48125,"22",JERUSALEM GIVAT RAM,"218751","630925","1","19","3",12963.4572610111,226142.418375613,620275.203825673,218751,630925
"65",il_48125,"77",ROSH ZURIM,"211827","619174","1","13","4",14357.7105812352,226142.418375613,620275.203825673,211827,619174
"65",il_48125,"210",METZOKE DRAGOT,"236405","610093","1","13","5",14456.7581547439,226142.418375613,620275.203825673,236405,610093
"66",il_48130,"77",ROSH ZURIM,"211827","619174","1","13","1",12181.4502277432,223419.575200992,615432.351986046,211827,619174
"66",il_48130,"210",METZOKE DRAGOT,"236405","610093","1","13","2",14040.2968929286,223419.575200992,615432.351986046,236405,610093
"66",il_48130,"22",JERUSALEM GIVAT RAM,"218751","630925","1","19","3",16180.7829505121,223419.575200992,615432.351986046,218751,630925
"66",il_48130,"218",MAALE ADUMMIM,"228129","631150","1","13","4",16408.0206310222,223419.575200992,615432.351986046,228129,631150
"66",il_48130,"23",JERUSALEM CENTRE,"221119","632034","1","14","5",16760.2912574524,223419.575200992,615432.351986046,221119,632034
"67",il_48185,"29",ARAD,"217699","573268","1","18","1",10986.790821563,227901.648080702,577344.216959158,217699,573268
"67",il_48185,"211",EN GEDI,"236719","591909","1","13","2",17025.8215630129,227901.648080702,577344.216959158,236719,591909
"67",il_48185,"28",SHANI,"204665","584255","1","18","3",24242.5398063816,227901.648080702,577344.216959158,204665,584255
"67",il_48185,"188",ZOVA,"206679","597557","1","13","4",29307.9748500899,227901.648080702,577344.216959158,206679,597557
"67",il_48185,"65",SEDOM,"237267","549001","12","22","5",29850.4231823633,227901.648080702,577344.216959158,237267,549001
"68",il_48192,"29",ARAD,"217699","573268","1","18","1",14263.2141453745,216157.661868419,559088.311903256,217699,573268
"68",il_48192,"65",SEDOM,"237267","549001","12","22","2",23395.6837426689,216157.661868419,559088.311903256,237267,549001
"68",il_48192,"349",NEVATIM,"192539","568202","1","13","3",25316.0127030196,216157.661868419,559088.311903256,192539,568202
"68",il_48192,"28",SHANI,"204665","584255","1","18","4",27666.6489944232,216157.661868419,559088.311903256,204665,584255
"69",il_5110,"73",ELON,"220629","774535","1","13","1",10090.518231195,221052.185530117,764453.359648292,220629,774535
"69",il_5110,"269",HARASHIM,"231009","762342","1","13","2",10178.2117266304,221052.185530117,764453.359648292,231009,762342
"69",il_5110,"343",SHAVE ZIYYON,"208758","765003","1","13","3",12306.4658763251,221052.185530117,764453.359648292,208758,765003
"69",il_5110,"205",ESHHAR,"228304","754243","1","13","4",12523.588034309,221052.185530117,764453.359648292,228304,754243
"69",il_5110,"106",ROSH HANIQRA,"210358","776203","1","14","5",15887.7201809143,221052.185530117,764453.359648292,210358,776203
"70",il_55106,"271",AVDAT,"177878","523345","1","13","1",13570.6534713484,179235.626355568,509842.426677922,177878,523345
"70",il_55106,"98",SEDE BOQER,"180395","531208","1","13","2",21397.0061136712,179235.626355568,509842.426677922,180395,531208
"71",il_55140,"271",AVDAT,"177878","523345","1","13","1",8381.67149594348,185061.643072155,519026.702965544,177878,523345
"71",il_55140,"98",SEDE BOQER,"180395","531208","1","13","2",13044.5986908199,185061.643072155,519026.702965544,180395,531208
"72",il_55165,"112",ZOMET HANEGEV,"185533","552810","1","14","1",19565.2201893752,204326.093695623,547367.806471076,185533,552810
"72",il_55165,"349",NEVATIM,"192539","568202","1","13","2",23937.4016507649,204326.093695623,547367.806471076,192539,568202
"72",il_55165,"98",SEDE BOQER,"180395","531208","1","13","3",28876.2288163006,204326.093695623,547367.806471076,180395,531208
"72",il_55165,"29",ARAD,"217699","573268","1","18","4",29148.8361321911,204326.093695623,547367.806471076,217699,573268
"73",il_56140,"271",AVDAT,"177878","523345","1","13","1",26085.5922958508,176773.085896442,497282.818774149,177878,523345
"74",il_56150,,,,,,,,,,,,
"75",il_56164,,,,,,,,,,,,
"76",il_57125,"232",NEOT SMADAR,"201958","439911","1","13","1",23996.848051591,177995.947917135,441202.811282359,201958,439911
"77",il_57130,,,,,,,,,,,,
"78",il_57165,,,,,,,,,,,,
"79",il_57180,"232",NEOT SMADAR,"201958","439911","1","13","1",22026.285370071,191303.407603814,459188.886504359,201958,439911
"79",il_57180,"207",PARAN,"214030","475262","1","13","2",27836.0014978105,191303.407603814,459188.886504359,214030,475262
"80",il_57190,,,,,,,,,,,,
"81",il_58150,"232",NEOT SMADAR,"201958","439911","1","13","1",14062.4277529429,190296.710651021,432051.852143768,201958,439911
"81",il_58150,"36",YOTVATA,"207242","421946","24","21","2",19729.9538436441,190296.710651021,432051.852143768,207242,421946
"82",il_58175,"232",NEOT SMADAR,"201958","439911","1","13","1",4828.03568805637,199434.790700817,444027.229274185,201958,439911
"82",il_58175,"36",YOTVATA,"207242","421946","24","21","2",23420.7857105691,199434.790700817,444027.229274185,207242,421946
"83",il_59195,"65",SEDOM,"237267","549001","12","22","1",22451.8618432557,223231.91075613,531476.663489157,237267,549001
"84",il_60105,"232",NEOT SMADAR,"201958","439911","1","13","1",7096.20366789992,207905.748132051,443781.451996086,201958,439911
"84",il_60105,"36",YOTVATA,"207242","421946","24","21","2",21845.5378843408,207905.748132051,443781.451996086,207242,421946
"85",il_60110,"232",NEOT SMADAR,"201958","439911","1","13","1",7296.0535329203,208121.790687705,443814.85469932,201958,439911
"85",il_60110,"36",YOTVATA,"207242","421946","24","21","2",21886.5446682234,208121.790687705,443814.85469932,207242,421946
"86",il_60140,"36",YOTVATA,"207242","421946","24","21","1",17240.4964125906,193601.573419326,411402.116500558,207242,421946
"86",il_60140,"64",ELAT,"195184","385052","17","22","2",26397.5891603045,193601.573419326,411402.116500558,195184,385052
"86",il_60140,"232",NEOT SMADAR,"201958","439911","1","13","3",29708.3541042402,193601.573419326,411402.116500558,201958,439911
"87",il_60150,"64",ELAT,"195184","385052","17","22","1",15584.5380760237,187716.08205082,398730.743675767,195184,385052
"88",il_60170,"64",ELAT,"195184","385052","17","22","1",11699.9613110934,186298.018298587,392663.072452896,195184,385052
"89",il_60190,"64",ELAT,"195184","385052","17","22","1",5542.58476568782,189648.803935616,385338.095112959,195184,385052
"90",il_7105,"205",ESHHAR,"228304","754243","1","13","1",1293.96548420933,227638.7119883,755352.83716635,228304,754243
"90",il_7105,"269",HARASHIM,"231009","762342","1","13","2",7759.33234222376,227638.7119883,755352.83716635,231009,762342
"90",il_7105,"78",AFEQ,"210802","750361","1","13","3",17561.1306262527,227638.7119883,755352.83716635,210802,750361
"90",il_7105,"73",ELON,"220629","774535","1","13","4",20422.8164839122,227638.7119883,755352.83716635,220629,774535
"90",il_7105,"343",SHAVE ZIYYON,"208758","765003","1","13","5",21203.9366133053,227638.7119883,755352.83716635,208758,765003
"91",il_8130,"67",EN HASHOFET,"209561","726519","1","13","1",778.995337434808,209279.833004665,725792.51610033,209561,726519
"91",il_8130,"186",NEWE YAAR,"217070","734942","1","14","2",12016.6450162066,209279.833004665,725792.51610033,217070,734942
"91",il_8130,"44",EN KARMEL,"196530","731974","1","18","3",14169.2972602287,209279.833004665,725792.51610033,196530,731974
"91",il_8130,"45",ZIKHRON YAAQOV,"195561","719112","1","15","4",15258.9539083339,209279.833004665,725792.51610033,195561,719112
"91",il_8130,"42",HAIFA UNIVERSITY,"202267","740835","1","14","5",16596.8716517043,209279.833004665,725792.51610033,202267,740835
"92",il_8140,"186",NEWE YAAR,"217070","734942","1","14","1",2090.17937135412,215116.27288746,735684.832534398,217070,734942
"92",il_8140,"67",EN HASHOFET,"209561","726519","1","13","2",10717.9075804362,215116.27288746,735684.832534398,209561,726519
"92",il_8140,"42",HAIFA UNIVERSITY,"202267","740835","1","14","3",13842.9779549112,215116.27288746,735684.832534398,202267,740835
"92",il_8140,"43",HAIFA TECHNION,"201799","741279","20","16","4",14444.5306878512,215116.27288746,735684.832534398,201799,741279
"92",il_8140,"78",AFEQ,"210802","750361","1","13","5",15297.1514350179,215116.27288746,735684.832534398,210802,750361
"93",il_8146,"67",EN HASHOFET,"209561","726519","1","13","1",14009.2849920251,222425.677877657,720972.818512536,209561,726519
"93",il_8146,"186",NEWE YAAR,"217070","734942","1","14","2",14960.658974756,222425.677877657,720972.818512536,217070,734942
"93",il_8146,"13",TAVOR KADOORIE,"237793","733961","1","20","3",20120.8212447494,222425.677877657,720972.818512536,237793,733961
"93",il_8146,"224",MAALE GILBOA,"239248","709677","1","13","4",20262.9227273856,222425.677877657,720972.818512536,239248,709677
"93",il_8146,"206",EDEN FARM,"246207","708473","1","19","5",26866.2752299784,222425.677877657,720972.818512536,246207,708473
"94",il_8155,"205",ESHHAR,"228304","754243","1","13","1",11971.4144786701,228992.951935491,742291.426469678,228304,754243
"94",il_8155,"13",TAVOR KADOORIE,"237793","733961","1","20","2",12117.625638069,228992.951935491,742291.426469678,237793,733961
"94",il_8155,"186",NEWE YAAR,"217070","734942","1","14","3",14006.100538309,228992.951935491,742291.426469678,217070,734942
"94",il_8155,"78",AFEQ,"210802","750361","1","13","4",19900.4710818764,228992.951935491,742291.426469678,210802,750361
"94",il_8155,"269",HARASHIM,"231009","762342","1","13","5",20151.6735953435,228992.951935491,742291.426469678,231009,762342
"95",il_48188,"29",ARAD,"217699","573268","1","18","1",12983.3337286095,229317.305911766,567473.008848231,217699,573268
"95",il_48188,"65",SEDOM,"237267","549001","12","22","2",20110.0160861607,229317.305911766,567473.008848231,237267,549001
"95",il_48188,"211",EN GEDI,"236719","591909","1","13","3",25532.3860801359,229317.305911766,567473.008848231,236719,591909
"95",il_48188,"28",SHANI,"204665","584255","1","18","4",29822.3307906228,229317.305911766,567473.008848231,204665,584255
